{"initial_reset_timestamp": 1031336.140023519, "timestamps": [1031349.108223016, 1031380.740623441, 1031395.316488201, 1031510.80585076, 1031548.629554108, 1031591.013920216, 1031602.886693077, 1031610.214049531, 1031636.134499875, 1031655.03043559], "episode_lengths": [2, 4, 2, 14, 6, 6, 6, 2, 2, 5], "episode_rewards": [8.96, 9.92, 8.96, -2.279999999999996, 7.880000000000001, 5.880000000000001, 7.880000000000001, 9.96, 8.96, 5.9], "episode_types": ["t", "t", "t", "t", "t", "t", "t", "t", "t", "t"]}