{"initial_reset_timestamp": 709147.968801009, "timestamps": [709148.118116781, 709148.232469547, 709148.312648568, 709148.398474164, 709148.447369986, 709148.531478769, 709148.63131118, 709148.717979447, 709148.835226022, 709148.913868437, 709148.997913447, 709149.079805518, 709149.145308291, 709149.227786953, 709149.276812774, 709149.403007084, 709149.498887735, 709149.537642149, 709149.621025992, 709149.666811477, 709149.710919615, 709149.796947299, 709149.881341438, 709149.964416463, 709150.050610604, 709150.137320059, 709150.226480166, 709150.339344964, 709150.395769321, 709150.489836998, 709150.521118548, 709150.619134606, 709150.703937197, 709150.770839406, 709150.840299836, 709150.893675879, 709150.968318887, 709151.027228595, 709151.105715987, 709151.193305024, 709151.235031432, 709151.321591792, 709151.407821653, 709151.493755284, 709151.580667438, 709151.665143855, 709151.749102796, 709151.838196425, 709151.922222291, 709151.988125626, 709152.033009248, 709152.099914508, 709152.135041988, 709152.221790099, 709152.2853811, 709152.330329013, 709152.377324424, 709152.455432969, 709152.538110997, 709152.554286299, 709152.648196658, 709152.688590734, 709152.757971642, 709152.840918445, 709152.962538142, 709153.052484328, 709153.137322816, 709153.219900347, 709153.306815367, 709153.393860077, 709153.506137623, 709153.591183876, 709153.677790651, 709153.767572294, 709153.854348533, 709153.93996638, 709154.027610137, 709154.115077627, 709154.201821366, 709154.289621017, 709154.290929475, 709154.393663378, 709154.4825915, 709154.569886675, 709154.655379788, 709154.739376056, 709154.815241758, 709154.898050727, 709154.97620114, 709155.030632638, 709155.099585834, 709155.15603422, 709155.238854602, 709155.320332416, 709155.396280382, 709155.398593817, 709155.470435401, 709155.540427859, 709155.623420583, 709155.711244969], "episode_lengths": [27, 100, 100, 100, 39, 100, 100, 100, 92, 100, 100, 100, 100, 100, 40, 100, 100, 21, 100, 33, 33, 100, 100, 100, 100, 100, 100, 100, 45, 100, 8, 100, 100, 100, 90, 77, 100, 66, 100, 100, 23, 100, 100, 100, 100, 100, 99, 100, 100, 67, 27, 100, 19, 100, 62, 32, 40, 100, 100, 8, 100, 52, 100, 100, 100, 100, 100, 96, 100, 100, 92, 100, 100, 91, 100, 100, 100, 100, 100, 100, 1, 100, 100, 100, 100, 84, 85, 100, 100, 78, 100, 78, 100, 100, 97, 3, 100, 100, 100, 100], "episode_rewards": [4.460000000000004, -11.999999999999988, -19.99999999999997, -12.999999999999964, 2.2200000000000006, -8.99999999999998, -16.999999999999975, -7.999999999999979, -12.839999999999964, -25.99999999999997, -23.999999999999975, -19.99999999999997, -11.999999999999973, -15.999999999999964, -0.7999999999999972, -16.999999999999964, -21.999999999999986, 9.58, -25.999999999999964, 2.3400000000000087, 3.34, -24.999999999999964, -8.999999999999979, -22.99999999999996, -9.999999999999968, -19.999999999999975, -15.999999999999963, -8.0, 1.100000000000012, -6.99999999999997, 4.84, -14.99999999999997, -46.00000000000003, -28.999999999999964, 1.200000000000017, -0.5399999999999956, -8.999999999999982, -2.3199999999999754, -10.999999999999973, -18.999999999999975, 4.540000000000006, -15.999999999999972, -20.999999999999968, -7.999999999999979, -15.99999999999997, -17.99999999999997, -7.979999999999979, -26.999999999999964, -8.999999999999963, 3.6600000000000144, 9.46, -10.999999999999961, 9.620000000000001, -12.999999999999979, -9.239999999999984, 2.360000000000001, -0.7999999999999954, -19.999999999999964, -17.999999999999968, 6.84, -14.999999999999961, 0.960000000000008, -19.999999999999975, -7.9999999999999805, -17.999999999999975, -20.999999999999975, -25.999999999999982, -2.9199999999999733, -13.99999999999997, -18.999999999999982, -19.839999999999986, -17.99999999999998, -8.999999999999963, -12.819999999999972, -22.99999999999996, -10.999999999999979, -10.999999999999979, -19.99999999999998, -10.999999999999984, -18.99999999999996, 9.98, -22.99999999999997, -18.999999999999975, -12.999999999999963, -21.99999999999996, -6.679999999999971, -2.6999999999999655, -25.999999999999964, -11.999999999999973, -7.5599999999999845, -14.999999999999979, -7.559999999999988, -4.999999999999998, -23.99999999999998, -6.939999999999976, 7.94, -34.99999999999997, -13.999999999999977, -22.999999999999968, -32.999999999999964], "episode_types": ["t", "t", "t", "t", "t", "t", "t", "t", "t", "t", "t", "t", "t", "t", "t", "t", "t", "t", "t", "t", "t", "t", "t", "t", "t", "t", "t", "t", "t", "t", "t", "t", "t", "t", "t", "t", "t", "t", "t", "t", "t", "t", "t", "t", "t", "t", "t", "t", "t", "t", "t", "t", "t", "t", "t", "t", "t", "t", "t", "t", "t", "t", "t", "t", "t", "t", "t", "t", "t", "t", "t", "t", "t", "t", "t", "t", "t", "t", "t", "t", "t", "t", "t", "t", "t", "t", "t", "t", "t", "t", "t", "t", "t", "t", "t", "t", "t", "t", "t", "t"]}