{"initial_reset_timestamp": 709252.208362422, "timestamps": [709252.459279226, 709252.602503757, 709252.710346772, 709252.821632166, 709252.922377552, 709253.027986926, 709253.137237485, 709253.245265716, 709253.401582461, 709253.494006407, 709253.586735179, 709253.695801393, 709253.770954467, 709253.881950967, 709253.98812718, 709254.091757762, 709254.16716308, 709254.277969034, 709254.38447654, 709254.489903467, 709254.591237112, 709254.69720193, 709254.802203467, 709254.907258244, 709255.003954573, 709255.10992353, 709255.188674846, 709255.349384084, 709255.460430047, 709255.564282292, 709255.656389011, 709255.707533438, 709255.758686607, 709255.86721919, 709255.975130873, 709256.069334193, 709256.178040433, 709256.281499815, 709256.385779008, 709256.484872448, 709256.591869107, 709256.663480845, 709256.761649466, 709256.830694676, 709256.938182239, 709257.042053927, 709257.150982311, 709257.260168107, 709257.367756096, 709257.46536234, 709257.47096068, 709257.565108306, 709257.654343454, 709257.74320667, 709257.826775702, 709257.934225452, 709258.043722887, 709258.143513157, 709258.252270456, 709258.365229858, 709258.474230104, 709258.594296222, 709258.701086914, 709258.80656775, 709258.969955242, 709259.07414994, 709259.183121284, 709259.295043509, 709259.403345288, 709259.514153707, 709259.623360156, 709259.690778337, 709259.802307953, 709259.91386778, 709259.956741265, 709260.069847895, 709260.179174041, 709260.282153804, 709260.391267931, 709260.498099571, 709260.56446783, 709260.666870533, 709260.767941264, 709260.868904172, 709260.971347735, 709261.027424067, 709261.116505579, 709261.195646537, 709261.281666515, 709261.31683675, 709261.363790775, 709261.462885968, 709261.570441553, 709261.678481359, 709261.787921765, 709261.89107286, 709261.99528103, 709262.094963417, 709262.201578957, 709262.312007239], "episode_lengths": [100, 85, 99, 100, 100, 100, 100, 100, 100, 100, 100, 100, 62, 100, 100, 100, 57, 100, 100, 100, 100, 100, 100, 100, 92, 100, 69, 100, 100, 100, 100, 36, 33, 100, 100, 82, 100, 100, 100, 100, 100, 57, 100, 73, 100, 100, 100, 100, 100, 100, 6, 100, 100, 100, 84, 100, 100, 100, 100, 100, 100, 100, 100, 100, 100, 100, 100, 100, 100, 100, 100, 48, 100, 100, 21, 100, 100, 100, 100, 100, 48, 100, 100, 100, 100, 63, 100, 93, 100, 22, 34, 100, 100, 100, 100, 100, 100, 100, 100, 100], "episode_rewards": [-67.99999999999996, 2.600000000000051, -9.95999999999993, -65.99999999999994, -13.999999999999964, -3.9999999999999982, -65.99999999999993, -27.999999999999936, -51.99999999999992, -43.99999999999993, -98.00000000000004, -65.99999999999993, -0.47999999999997556, -21.99999999999994, -47.99999999999992, -15.999999999999972, 1.7200000000000202, -57.99999999999994, -43.99999999999992, -3.99999999999993, -7.999999999999958, -41.99999999999992, -31.99999999999994, -55.99999999999992, 0.32000000000001805, -61.999999999999936, -22.759999999999962, -25.999999999999922, -37.99999999999992, -124.00000000000027, -25.999999999999936, 0.56000000000002, 18.68000000000001, -39.999999999999936, -61.99999999999994, -45.27999999999998, -39.99999999999993, -11.99999999999995, 2.363387263670802e-14, -33.99999999999994, -25.999999999999936, 3.7200000000000273, -1.999999999999968, -26.919999999999952, -47.999999999999936, -13.999999999999947, -45.999999999999936, 6.776523786555799e-14, -55.999999999999936, -31.999999999999922, 33.760000000000005, -39.999999999999964, -57.99999999999994, -76.00000000000027, -5.35999999999996, -15.999999999999957, -61.99999999999994, -9.999999999999943, -43.99999999999993, -76.0, -86.00000000000016, -41.99999999999994, -33.99999999999993, -19.999999999999986, -35.99999999999996, -49.99999999999996, -72.00000000000001, -29.999999999999936, -19.999999999999964, -51.99999999999992, -65.99999999999994, 4.0800000000000125, -74.00000000000001, -88.00000000000014, 17.160000000000007, -67.99999999999994, -47.99999999999996, -33.99999999999993, -33.99999999999993, -41.99999999999992, 18.080000000000027, -39.999999999999936, -57.99999999999994, -78.0, -55.999999999999936, 19.48000000000001, -55.99999999999993, 0.2800000000000189, -39.99999999999994, 25.12000000000002, 18.640000000000008, -13.99999999999995, -31.99999999999993, -25.99999999999993, -35.99999999999993, -49.99999999999992, -37.99999999999992, -17.99999999999995, -78.00000000000014, -21.99999999999995], "episode_types": ["t", "t", "t", "t", "t", "t", "t", "t", "t", "t", "t", "t", "t", "t", "t", "t", "t", "t", "t", "t", "t", "t", "t", "t", "t", "t", "t", "t", "t", "t", "t", "t", "t", "t", "t", "t", "t", "t", "t", "t", "t", "t", "t", "t", "t", "t", "t", "t", "t", "t", "t", "t", "t", "t", "t", "t", "t", "t", "t", "t", "t", "t", "t", "t", "t", "t", "t", "t", "t", "t", "t", "t", "t", "t", "t", "t", "t", "t", "t", "t", "t", "t", "t", "t", "t", "t", "t", "t", "t", "t", "t", "t", "t", "t", "t", "t", "t", "t", "t", "t"]}